Workbook

Sheet Légende
A1: Tableau de suivi des prospects (étape 2.6)
A2: Fichier de travail pour la prospection : une ligne par entreprise, dans l'onglet Prospects.
A4: Comment l'utiliser
A5: 1. Colonnes à fond jaune (A à S) : tu les remplis à la main. Colonnes à fond gris (T à W) : calculées, ne les modifie pas.
A6: 2. Source de la donnée est obligatoire pour chaque ligne : elle sert à informer la personne au premier contact (voir 03-conformite-prospection).
A7: 3. Dates au format JJ/MM/AAAA. Canal du 1er contact : Email ou Téléphone. Statut : liste déroulante.
A8: 4. La colonne Alerte indique ce qui est à faire aujourd'hui : Relance 1, Relance 2 ou Rappel. Elle se met à jour à l'ouverture du fichier.
A9: 5. Opposition : passe le statut à Opposition, puis remplis l'onglet Opposition. Efface ensuite téléphone et email de la ligne Prospects.
A10: 6. Supprimer avant le : 3 ans après la dernière date renseignée (collecte, contact, relances, rendez-vous). Durée proposée, à valider avec le juriste (2.7).
A12: Hypothèses de calcul
A13: Relance 1 due : 5 jours ouvrés après le 1er contact par email. Relance 2 due : 7 jours ouvrés après la relance 1. Ce sont les délais de 01-emails-prospection ; les jours fériés ne sont pas déduits.
A14: Capacité : 500 lignes (2 à 501). Pour plus, copie la dernière ligne vers le bas.
... A27: • Numéro erroné

Sheet Prospects
A1: N° | B1: Nom de l'entreprise | C1: Activité | D1: Ville | E1: Département | F1: Site actuel | G1: Téléphone | H1: Email professionnel | I1: Source de la donnée | J1: Date de collecte | K1: Date du 1er contact | L1: Canal du 1er contact | M1: Statut | N1: Prochaine action | O1: Date de rappel | P1: Relance 1 envoyée le | Q1: Relance 2 envoyée le | R1: Rendez-vous le | S1: Notes | T1: Supprimer avant le | U1: Relance 1 due le | V1: Relance 2 due le | W1: Alerte
A2: 1 | T2: =IF(J2="","",EDATE(MAX(J2,K2,P2,Q2,R2),36)) | U2: =IF(OR(L2<>"Email",K2="",P2<>"",M2="Opposition",M2="Pas intéressé",M2="Client",M2="Rendez-vous pris",M2="Numéro erroné"),"",WORKDAY(K2,5)) | V2: =IF(OR(P2="",Q2<>"",M2="Opposition",M2="Pas intéressé",M2="Client",M2="Rendez-vous pris",M2="Numéro erroné"),"",WORKDAY(P2,7)) | W2: =IF(M2="Opposition","Ne pas contacter",IF(AND(U2<>"",U2<=TODAY()),"Relance 1 à envoyer",IF(AND(V2<>"",V2<=TODAY()),"Relance 2 à envoyer",IF(AND(O2<>"",O2<=TODAY()),"Rappel à faire",""))))
A3: 2 | T3: =IF(J3="","",EDATE(MAX(J3,K3,P3,Q3,R3),36)) | U3: =IF(OR(L3<>"Email",K3="",P3<>"",M3="Opposition",M3="Pas intéressé",M3="Client",M3="Rendez-vous pris",M3="Numéro erroné"),"",WORKDAY(K3,5)) | V3: =IF(OR(P3="",Q3<>"",M3="Opposition",M3="Pas intéressé",M3="Client",M3="Rendez-vous pris",M3="Numéro erroné"),"",WORKDAY(P3,7)) | W3: =IF(M3="Opposition","Ne pas contacter",IF(AND(U3<>"",U3<=TODAY()),"Relance 1 à envoyer",IF(AND(V3<>"",V3<=TODAY()),"Relance 2 à envoyer",IF(AND(O3<>"",O3<=TODAY()),"Rappel à faire",""))))
A4: 3 | T4: =IF(J4="","",EDATE(MAX(J4,K4,P4,Q4,R4),36)) | U4: =IF(OR(L4<>"Email",K4="",P4<>"",M4="Opposition",M4="Pas intéressé",M4="Client",M4="Rendez-vous pris",M4="Numéro erroné"),"",WORKDAY(K4,5)) | V4: =IF(OR(P4="",Q4<>"",M4="Opposition",M4="Pas intéressé",M4="Client",M4="Rendez-vous pris",M4="Numéro erroné"),"",WORKDAY(P4,7)) | W4: =IF(M4="Opposition","Ne pas contacter",IF(AND(U4<>"",U4<=TODAY()),"Relance 1 à envoyer",IF(AND(V4<>"",V4<=TODAY()),"Relance 2 à envoyer",IF(AND(O4<>"",O4<=TODAY()),"Rappel à faire",""))))
A5: 4 | T5: =IF(J5="","",EDATE(MAX(J5,K5,P5,Q5,R5),36)) | U5: =IF(OR(L5<>"Email",K5="",P5<>"",M5="Opposition",M5="Pas intéressé",M5="Client",M5="Rendez-vous pris",M5="Numéro erroné"),"",WORKDAY(K5,5)) | V5: =IF(OR(P5="",Q5<>"",M5="Opposition",M5="Pas intéressé",M5="Client",M5="Rendez-vous pris",M5="Numéro erroné"),"",WORKDAY(P5,7)) | W5: =IF(M5="Opposition","Ne pas contacter",IF(AND(U5<>"",U5<=TODAY()),"Relance 1 à envoyer",IF(AND(V5<>"",V5<=TODAY()),"Relance 2 à envoyer",IF(AND(O5<>"",O5<=TODAY()),"Rappel à faire",""))))
A6: 5 | T6: =IF(J6="","",EDATE(MAX(J6,K6,P6,Q6,R6),36)) | U6: =IF(OR(L6<>"Email",K6="",P6<>"",M6="Opposition",M6="Pas intéressé",M6="Client",M6="Rendez-vous pris",M6="Numéro erroné"),"",WORKDAY(K6,5)) | V6: =IF(OR(P6="",Q6<>"",M6="Opposition",M6="Pas intéressé",M6="Client",M6="Rendez-vous pris",M6="Numéro erroné"),"",WORKDAY(P6,7)) | W6: =IF(M6="Opposition","Ne pas contacter",IF(AND(U6<>"",U6<=TODAY()),"Relance 1 à envoyer",IF(AND(V6<>"",V6<=TODAY()),"Relance 2 à envoyer",IF(AND(O6<>"",O6<=TODAY()),"Rappel à faire",""))))
A7: 6 | T7: =IF(J7="","",EDATE(MAX(J7,K7,P7,Q7,R7),36)) | U7: =IF(OR(L7<>"Email",K7="",P7<>"",M7="Opposition",M7="Pas intéressé",M7="Client",M7="Rendez-vous pris",M7="Numéro erroné"),"",WORKDAY(K7,5)) | V7: =IF(OR(P7="",Q7<>"",M7="Opposition",M7="Pas intéressé",M7="Client",M7="Rendez-vous pris",M7="Numéro erroné"),"",WORKDAY(P7,7)) | W7: =IF(M7="Opposition","Ne pas contacter",IF(AND(U7<>"",U7<=TODAY()),"Relance 1 à envoyer",IF(AND(V7<>"",V7<=TODAY()),"Relance 2 à envoyer",IF(AND(O7<>"",O7<=TODAY()),"Rappel à faire",""))))
A8: 7 | T8: =IF(J8="","",EDATE(MAX(J8,K8,P8,Q8,R8),36)) | U8: =IF(OR(L8<>"Email",K8="",P8<>"",M8="Opposition",M8="Pas intéressé",M8="Client",M8="Rendez-vous pris",M8="Numéro erroné"),"",WORKDAY(K8,5)) | V8: =IF(OR(P8="",Q8<>"",M8="Opposition",M8="Pas intéressé",M8="Client",M8="Rendez-vous pris",M8="Numéro erroné"),"",WORKDAY(P8,7)) | W8: =IF(M8="Opposition","Ne pas contacter",IF(AND(U8<>"",U8<=TODAY()),"Relance 1 à envoyer",IF(AND(V8<>"",V8<=TODAY()),"Relance 2 à envoyer",IF(AND(O8<>"",O8<=TODAY()),"Rappel à faire",""))))
A9: 8 | T9: =IF(J9="","",EDATE(MAX(J9,K9,P9,Q9,R9),36)) | U9: =IF(OR(L9<>"Email",K9="",P9<>"",M9="Opposition",M9="Pas intéressé",M9="Client",M9="Rendez-vous pris",M9="Numéro erroné"),"",WORKDAY(K9,5)) | V9: =IF(OR(P9="",Q9<>"",M9="Opposition",M9="Pas intéressé",M9="Client",M9="Rendez-vous pris",M9="Numéro erroné"),"",WORKDAY(P9,7)) | W9: =IF(M9="Opposition","Ne pas contacter",IF(AND(U9<>"",U9<=TODAY()),"Relance 1 à envoyer",IF(AND(V9<>"",V9<=TODAY()),"Relance 2 à envoyer",IF(AND(O9<>"",O9<=TODAY()),"Rappel à faire",""))))
A10: 9 | T10: =IF(J10="","",EDATE(MAX(J10,K10,P10,Q10,R10),36)) | U10: =IF(OR(L10<>"Email",K10="",P10<>"",M10="Opposition",M10="Pas intéressé",M10="Client",M10="Rendez-vous pris",M10="Numéro erroné"),"",WORKDAY(K10,5)) | V10: =IF(OR(P10="",Q10<>"",M10="Opposition",M10="Pas intéressé",M10="Client",M10="Rendez-vous pris",M10="Numéro erroné"),"",WORKDAY(P10,7)) | W10: =IF(M10="Opposition","Ne pas contacter",IF(AND(U10<>"",U10<=TODAY()),"Relance 1 à envoyer",IF(AND(V10<>"",V10<=TODAY()),"Relance 2 à envoyer",IF(AND(O10<>"",O10<=TODAY()),"Rappel à faire",""))))
A11: 10 | T11: =IF(J11="","",EDATE(MAX(J11,K11,P11,Q11,R11),36)) | U11: =IF(OR(L11<>"Email",K11="",P11<>"",M11="Opposition",M11="Pas intéressé",M11="Client",M11="Rendez-vous pris",M11="Numéro erroné"),"",WORKDAY(K11,5)) | V11: =IF(OR(P11="",Q11<>"",M11="Opposition",M11="Pas intéressé",M11="Client",M11="Rendez-vous pris",M11="Numéro erroné"),"",WORKDAY(P11,7)) | W11: =IF(M11="Opposition","Ne pas contacter",IF(AND(U11<>"",U11<=TODAY()),"Relance 1 à envoyer",IF(AND(V11<>"",V11<=TODAY()),"Relance 2 à envoyer",IF(AND(O11<>"",O11<=TODAY()),"Rappel à faire",""))))
A12: 11 | T12: =IF(J12="","",EDATE(MAX(J12,K12,P12,Q12,R12),36)) | U12: =IF(OR(L12<>"Email",K12="",P12<>"",M12="Opposition",M12="Pas intéressé",M12="Client",M12="Rendez-vous pris",M12="Numéro erroné"),"",WORKDAY(K12,5)) | V12: =IF(OR(P12="",Q12<>"",M12="Opposition",M12="Pas intéressé",M12="Client",M12="Rendez-vous pris",M12="Numéro erroné"),"",WORKDAY(P12,7)) | W12: =IF(M12="Opposition","Ne pas contacter",IF(AND(U12<>"",U12<=TODAY()),"Relance 1 à envoyer",IF(AND(V12<>"",V12<=TODAY()),"Relance 2 à envoyer",IF(AND(O12<>"",O12<=TODAY()),"Rappel à faire",""))))
A13: 12 | T13: =IF(J13="","",EDATE(MAX(J13,K13,P13,Q13,R13),36)) | U13: =IF(OR(L13<>"Email",K13="",P13<>"",M13="Opposition",M13="Pas intéressé",M13="Client",M13="Rendez-vous pris",M13="Numéro erroné"),"",WORKDAY(K13,5)) | V13: =IF(OR(P13="",Q13<>"",M13="Opposition",M13="Pas intéressé",M13="Client",M13="Rendez-vous pris",M13="Numéro erroné"),"",WORKDAY(P13,7)) | W13: =IF(M13="Opposition","Ne pas contacter",IF(AND(U13<>"",U13<=TODAY()),"Relance 1 à envoyer",IF(AND(V13<>"",V13<=TODAY()),"Relance 2 à envoyer",IF(AND(O13<>"",O13<=TODAY()),"Rappel à faire",""))))
... A501: 500 | T501: =IF(J501="","",EDATE(MAX(J501,K501,P501,Q501,R501),36)) | U501: =IF(OR(L501<>"Email",K501="",P501<>"",M501="Opposition",M501="Pas intéressé",M501="Client",M501="Rendez-vous pris",M501="Numéro erroné"),"",WORKDAY(K501,5)) | V501: =IF(OR(P501="",Q501<>"",M501="Opposition",M501="Pas intéressé",M501="Client",M501="Rendez-vous pris",M501="Numéro erroné"),"",WORKDAY(P501,7)) | W501: =IF(M501="Opposition","Ne pas contacter",IF(AND(U501<>"",U501<=TODAY()),"Relance 1 à envoyer",IF(AND(V501<>"",V501<=TODAY()),"Relance 2 à envoyer",IF(AND(O501<>"",O501<=TODAY()),"Rappel à faire",""))))

Sheet Synthèse
A1: Synthèse
A3: Indicateur | B3: Nombre
A4: Prospects saisis | B4: =COUNTA(Prospects!B2:B501) -> 0
A5: Premiers contacts effectués | B5: =COUNT(Prospects!K2:K501) -> 0
A6: Premiers contacts par email | B6: =COUNTIF(Prospects!L2:L501,"Email") -> 0
A7: Premiers contacts par téléphone | B7: =COUNTIF(Prospects!L2:L501,"Téléphone") -> 0
A8: Rendez-vous planifiés | B8: =COUNT(Prospects!R2:R501) -> 0
A9: Statut : À contacter | B9: =COUNTIF(Prospects!M2:M501,"À contacter") -> 0
A10: Statut : Contacté par email | B10: =COUNTIF(Prospects!M2:M501,"Contacté par email") -> 0
A11: Statut : Email à envoyer | B11: =COUNTIF(Prospects!M2:M501,"Email à envoyer") -> 0
A12: Statut : À rappeler | B12: =COUNTIF(Prospects!M2:M501,"À rappeler") -> 0
A13: Statut : Relancé | B13: =COUNTIF(Prospects!M2:M501,"Relancé") -> 0
A14: Statut : Rendez-vous pris | B14: =COUNTIF(Prospects!M2:M501,"Rendez-vous pris") -> 0
A15: Statut : Devis envoyé | B15: =COUNTIF(Prospects!M2:M501,"Devis envoyé") -> 0
A16: Statut : Client | B16: =COUNTIF(Prospects!M2:M501,"Client") -> 0
A17: Statut : Pas intéressé | B17: =COUNTIF(Prospects!M2:M501,"Pas intéressé") -> 0
A18: Statut : Opposition | B18: =COUNTIF(Prospects!M2:M501,"Opposition") -> 0
A19: Statut : Numéro erroné | B19: =COUNTIF(Prospects!M2:M501,"Numéro erroné") -> 0
A20: Alertes à traiter aujourd'hui | B20: =COUNTIF(Prospects!W2:W501,"*à*") -> 0

Sheet Opposition
A1: Nom de l'entreprise | B1: Email ou téléphone concerné | C1: Date de la demande | D1: Canal | E1: Traitée le | F1: Notes | H1: Cet onglet ne garde que ce qui sert à ne pas recontacter la personne.
